{"sharpe_ratio": null, "max_drawdown": 0.012438589417572494, "total_trades": 8, "final_value": 100045.11000061035, "initial_value": 100000.0}